player_id,player_name,position_group,minutes_played,overall_score,attacking_score,passing_score,progression_score,defensive_score,creativity_score
3621,Eden Hazard,Attacking Midfielder,907.98,74.34,86.84,77.19,100.0,38.6,69.08
5204,Bruno Miguel Borges Fernandes,Attacking Midfielder,1081.16,72.19,81.58,77.19,63.16,53.51,85.53
3089,Kevin De Bruyne,Attacking Midfielder,1515.93,68.11,56.14,68.42,84.21,44.3,87.5
5695,James David Rodríguez Rubio,Attacking Midfielder,629.34,67.81,54.39,85.96,70.18,39.69,88.82
30714,Jude Bellingham,Attacking Midfielder,1200.05,67.68,55.26,92.11,86.84,73.25,30.92
5560,Carlos Alberto Vela Garrido,Attacking Midfielder,324.07,66.73,91.23,55.26,88.6,34.43,64.14
5487,Antoine Griezmann,Attacking Midfielder,1949.41,62.63,77.19,61.4,49.12,59.65,65.79
39167,Xavi Simons,Attacking Midfielder,484.91,60.31,54.39,66.67,57.89,52.85,69.74
5519,Christian Alberto Cueva Bravo,Attacking Midfielder,307.31,60.13,39.47,75.44,84.21,64.04,37.5
3043,Christian Dannemann Eriksen,Attacking Midfielder,1102.86,59.91,71.05,71.93,53.51,43.86,59.21
5572,Mats Hummels,Centre Back,541.09,79.26,75.25,92.5,85.4,71.6,71.52
6765,Rodrigo Hernández Cascante,Centre Back,1203.0,74.87,75.35,98.03,73.27,55.13,72.56
3336,Harry Maguire,Centre Back,1656.99,73.98,88.95,76.13,88.95,37.18,78.7
33018,Joško Gvardiol,Centre Back,1398.41,73.41,59.57,69.03,87.38,79.98,71.08
5201,Sergio Ramos García,Centre Back,411.59,72.85,92.21,98.62,73.67,39.15,60.58
7480,Alessandro Bastoni,Centre Back,475.67,71.02,75.54,93.89,68.93,50.39,66.35
3295,Thiago Emiliano da Silva,Centre Back,891.16,69.52,78.7,88.17,61.24,40.93,78.55
5549,Manuel Obafemi Akanji,Centre Back,1812.46,69.11,80.47,74.56,79.88,55.52,55.1
6892,Pau Francisco Torres,Centre Back,491.72,69.04,60.65,96.06,86.39,33.33,68.79
3090,Nicolás Hernán Otamendi,Centre Back,1323.29,69.0,77.51,82.64,73.96,49.21,61.69
6655,Fabián Ruiz Peña,Defensive Midfielder,642.3,79.72,91.75,85.15,94.39,32.51,94.8
5574,Toni Kroos,Defensive Midfielder,1159.3,74.82,75.91,93.4,87.46,43.56,73.76
20004,Paul Pogba,Defensive Midfielder,962.19,72.18,84.16,54.46,89.77,50.83,81.68
3570,Pierre-Emile Højbjerg,Defensive Midfielder,1254.25,70.64,58.91,76.9,84.82,59.57,73.02
8118,Frenkie de Jong,Defensive Midfielder,870.41,70.35,48.51,82.51,92.74,53.96,74.01
38718,Enzo Fernandez,Defensive Midfielder,969.85,70.05,74.92,76.9,66.34,51.16,80.94
5539,Carlos Henrique Casimiro,Defensive Midfielder,758.9399999999999,69.52,85.81,64.69,64.36,72.61,60.15
34639,Vitor Machado Ferreira,Defensive Midfielder,491.91,69.5,66.83,93.4,87.13,26.9,73.27
16308,Leandro Daniel Paredes,Defensive Midfielder,424.94,68.76,93.07,97.69,62.21,50.99,39.85
5469,Marcelo Brozović,Defensive Midfielder,1587.32,68.43,67.33,86.47,71.95,55.78,60.64
5503,Lionel Andrés Messi Cuccittini,Forward,1599.46,79.56,85.54,94.78,97.99,30.32,89.16
6685,Mikel Oyarzabal Ugarte,Forward,418.63,75.85,75.1,94.38,84.74,53.82,71.23
25104,Rodrygo Silva de Goes,Forward,535.08,74.34,43.37,86.35,88.35,67.47,86.14
5689,Juan Guillermo Cuadrado Bello,Forward,347.07,73.28,39.76,92.37,98.39,57.43,78.46
8966,Kai Havertz,Forward,819.04,72.83,89.56,86.75,69.88,58.63,59.34
3318,Marcus Rashford,Forward,511.77,71.9,84.74,82.53,95.18,55.02,42.02
8400,Serge Gnabry,Forward,526.74,71.65,37.35,81.12,83.53,70.08,86.14
19677,Karim Benzema,Forward,351.7,70.47,86.35,95.58,83.53,43.98,42.92
2988,Memphis Depay,Forward,1117.36,68.43,63.86,73.49,82.33,36.35,86.14
5460,Andrej Kramarić,Forward,1313.36,65.6,37.75,91.16,85.54,39.76,73.8
41092,Nuno Mendes,Full Back,477.63,75.92,85.01,97.09,96.64,53.36,47.48
4831,Nacer Chadli,Full Back,437.85,74.74,86.35,76.06,87.92,51.79,71.56
5632,Thorgan Hazard,Full Back,592.33,74.5,91.5,84.34,75.39,62.64,58.64
21881,Sergino Dest,Full Back,307.57,73.94,69.24,87.7,94.41,59.4,58.98
6704,Theo Bernard François Hernández,Full Back,1155.27,72.16,79.19,88.81,84.56,43.74,64.51
8220,David Olatukunbo Alaba,Full Back,403.1,71.97,43.06,87.25,87.7,56.6,85.23
3176,Thomas Meunier,Full Back,1031.94,71.43,85.23,57.05,78.52,59.17,77.18
5579,Joshua Kimmich,Full Back,1466.92,70.84,62.53,93.51,71.59,32.1,94.46
3957,César Azpilicueta Tanco,Full Back,552.5,70.22,81.43,98.66,74.72,32.55,63.76
7005,João Pedro Cavaco Cancelo,Full Back,692.6700000000001,69.92,42.62,90.38,96.87,57.05,62.67
3240,Mathew Ryan,Goalkeeper,669.92,70.07,49.52,89.05,96.67,66.55,48.57
5570,Manuel Neuer,Goalkeeper,1466.92,67.64,49.52,86.19,89.52,64.4,48.57
21532,Daniel Bachmann,Goalkeeper,403.1,67.64,49.52,86.67,87.14,66.31,48.57
66721,Ronwen Williams,Goalkeeper,775.72,66.2,49.52,84.76,75.48,60.36,60.89
3509,Thibaut Courtois,Goalkeeper,1417.71,65.38,49.52,81.43,86.19,61.19,48.57
35413,Lionel Mpasi-Nzau,Goalkeeper,613.8299999999999,63.83,100.0,45.71,70.48,54.4,48.57
3468,Jordan Pickford,Goalkeeper,2640.22,63.51,49.52,73.81,75.48,58.21,60.54
11748,Unai Simón Mendibil,Goalkeeper,1676.73,63.29,49.52,95.24,70.24,52.86,48.57
9731,Patrick Pentz,Goalkeeper,385.36,62.07,49.52,91.9,69.29,51.07,48.57
105932,Josimar José Évora Dias,Goalkeeper,526.62,62.05,49.52,73.33,88.1,50.71,48.57
5178,Salman Mohammed Al Faraj,Midfielder,332.02,76.77,70.42,82.63,92.49,76.53,61.8
3501,Philippe Coutinho Correia,Midfielder,454.66,76.06,96.71,86.38,84.51,36.27,76.41
3166,Marco Verratti,Midfielder,402.35,73.8,37.32,99.06,86.85,59.86,85.92
4926,Francisco Román Alarcón Suárez,Midfielder,411.59,72.96,81.69,90.61,100.0,18.19,74.3
5463,Luka Modrić,Midfielder,2034.5,71.31,76.53,79.34,87.79,40.38,72.54
5456,Mateo Kovačić,Midfielder,1433.75,69.01,44.37,89.2,91.08,64.79,55.63
5187,Salem Mohammed Al Dawsari,Midfielder,582.91,67.71,92.96,60.56,88.26,49.77,47.01
21294,Mykola Shaparenko,Midfielder,549.87,64.41,41.31,84.51,67.61,65.96,62.68
5470,Ivan Rakitić,Midfielder,677.29,64.28,93.9,66.2,66.67,42.72,51.94
3193,Bernardo Mota Veiga de Carvalho e Silva,Midfielder,1317.37,63.46,62.44,75.12,79.34,45.31,55.11
16532,Daniel Olmo Carvajal,Winger,1231.01,76.7,87.81,80.65,77.42,62.37,75.27
4320,Neymar da Silva Santos Junior,Winger,763.5699999999999,75.47,94.98,86.38,99.64,25.63,70.7
28914,Lovro Majer,Winger,317.68,73.7,81.36,98.21,69.18,79.03,40.73
39565,Jamal Musiala,Winger,715.12,73.66,73.48,86.74,95.7,59.05,53.36
16557,Ruslan Malinovskiy,Winger,342.63,71.59,63.62,86.74,58.78,78.14,70.7
316046,Lamine Yamal Nasraoui Ebana,Winger,517.1999999999999,70.99,68.1,73.12,85.3,58.24,70.16
116587,Arda Güler,Winger,353.22,69.62,49.1,94.62,83.87,54.66,65.86
7037,Lorenzo Insigne,Winger,508.98,69.01,70.25,87.1,77.06,37.63,72.98
68574,Nicholas Williams Arthuer,Winger,662.26,67.56,46.95,84.59,89.61,44.89,71.77
3064,David Josué Jiménez Silva,Winger,329.47,66.91,59.32,98.21,68.46,48.21,60.35
